Feature,Mean_Abs_SHAP
ML_FEAT_CSM_IWM_US_Equity,0.020662064461064184
CHR_Median_t5,0.020334666043384443
ML_FEAT_R04_Currency War_VTS,0.016436719687443275
ML_FEAT_L02_UUP_US_Equity_SpreadShock,0.016404150951739298
ML_FEAT_L02_EEM_US_Equity_SpreadShock,0.01625612053809509
ML_FEAT_VOL_BD_02,0.014854714905196728
ML_FEAT_L02_GLD_US_Equity_SpreadShock,0.014281244278592717
ML_FEAT_L02_EFA_US_Equity_SpreadShock,0.012874106239542993
TFM_t1,0.012585779769577496
ML_FEAT_CSM_SLV_US_Equity,0.011849688650280616
CHR_Width_t5,0.011787721565922601
ML_FEAT_R09_Small Cap Health_EMA_Cross,0.011722376730931232
ML_FEAT_R14_Defensive Rotation_Mom_Acc,0.011396604815177225
ML_FEAT_R05_Credit Stress_VTS,0.011381292825899603
ML_FEAT_CSM_GLD_US_Equity,0.011311229175791434
ML_FEAT_CSM_FXE_US_Equity,0.010615304019947269
ML_FEAT_CSM_XLB_US_Equity,0.010087645821614389
ML_FEAT_R02_Real Rates Hedge_EMA_Cross,0.009866210586343573
ML_FEAT_R19_Semiconductor Cycle_Mom_Acc,0.009692473249964922
ML_FEAT_R20_Real Estate vs Rates_ZScore_252,0.00904298762286682
ML_FEAT_R03_Safe Haven Pivot_VTS,0.009032729243263137
TFM_t5,0.008782044922437076
ML_FEAT_CSM_SPY_US_Equity,0.008569614800718592
ML_FEAT_R03_Safe Haven Pivot_ZScore_252,0.00846023337980578
ML_FEAT_R18_Industrial Cycle_VTS,0.007517889745511893
TFM_t20,0.007474786782140912
ML_FEAT_CSM_XLI_US_Equity,0.007437932275603806
ML_FEAT_R09_Small Cap Health_VTS,0.006946768767284656
ML_FEAT_R08_Tech Alpha_VTS,0.006305672256851029
ML_FEAT_R12_Consumer Cycle_Mom_Acc,0.006226277102994077
ML_FEAT_R12_Consumer Cycle_VTS,0.0061762680955301935
ML_FEAT_M03_CrossVol_Ratio,0.005972176909278601
ML_FEAT_R02_Real Rates Hedge_VTS,0.005795274446289756
ML_FEAT_R17_Global Risk_ZScore_252,0.005623364657331634
ML_FEAT_L02_IWM_US_Equity_SpreadShock,0.005602108544121231
ML_FEAT_L02_VIXY_US_Equity_SpreadShock,0.005565366780229361
ML_FEAT_R10_Mid Cap Cycle_Mom_Acc,0.005380011192382357
ML_FEAT_R07_Rate Bets_ZScore_252,0.005262648500050984
ML_FEAT_R15_Industrial Momentum_Mom_Acc,0.0047404130917856006
ML_FEAT_R20_Real Estate vs Rates_Mom_Acc,0.004722292888198749
ML_FEAT_R11_Value Rotation_VTS,0.004625898783416228
ML_FEAT_R09_Small Cap Health_Mom_Acc,0.004458921264137619
ML_FEAT_R11_Value Rotation_ZScore_252,0.004103747712680036
ML_FEAT_R01_Risk Sentiment_Mom_Acc,0.004013483902569551
ML_FEAT_L02_XLF_US_Equity_SpreadShock,0.003876470421506459
ML_FEAT_R04_Currency War_Mom_Acc,0.0036066350623518905
ML_FEAT_R01_Risk Sentiment_EMA_Cross,0.0035504817209688674
ML_FEAT_R14_Defensive Rotation_ZScore_252,0.0034470548386692354
ML_FEAT_L02_SH_US_Equity_SpreadShock,0.0034008437182458232
ML_FEAT_L02_TLT_US_Equity_SpreadShock,0.0033529810179959954
ML_FEAT_R06_Yield Curve_EMA_Cross,0.0032369328888949417
ML_FEAT_MACRO_CPI_YOY_Index,0.0032037994443194304
ML_FEAT_M05_VIX_Premium,0.0031899195229120043
ML_FEAT_M04_MoneyMarket_Stress,0.0031457324157669105
ML_FEAT_R15_Industrial Momentum_EMA_Cross,0.003133072407410457
ML_FEAT_R19_Semiconductor Cycle_EMA_Cross,0.0031130517817993127
ML_FEAT_VOL_ALT_02,0.002982212964366592
ML_FEAT_R13_New/Old Economy_VTS,0.002814502069651003
ML_FEAT_CSM_LQD_US_Equity,0.002715571379499233
ML_FEAT_CSM_XLP_US_Equity,0.0026093588992892316
ML_FEAT_R06_Yield Curve_ZScore_252,0.0026076369591355145
ML_FEAT_R16_Commodity Infl Pulse_Mom_Acc,0.0024683380075193567
ML_FEAT_R19_Semiconductor Cycle_ZScore_252,0.0024547537057433687
ML_FEAT_CSM_VNQ_US_Equity,0.002450979432789793
ML_FEAT_R07_Rate Bets_VTS,0.0024336516047685566
ML_FEAT_CSM_EFA_US_Equity,0.002425111298763212
ML_FEAT_R12_Consumer Cycle_EMA_Cross,0.0023915712621369006
ML_FEAT_CSM_XLU_US_Equity,0.0023893608258617827
ML_FEAT_CSM_PSQ_US_Equity,0.0023276317278632477
ML_FEAT_R20_Real Estate vs Rates_EMA_Cross,0.0022406787392445534
ML_FEAT_L02_DIA_US_Equity_SpreadShock,0.002219316656140114
ML_FEAT_R01_Risk Sentiment_VTS,0.002209478814813551
ML_FEAT_R10_Mid Cap Cycle_VTS,0.0021773145386390336
ML_FEAT_R19_Semiconductor Cycle_VTS,0.0021503376032083947
ML_FEAT_CSM_RWM_US_Equity,0.0021204302021361637
ML_FEAT_R15_Industrial Momentum_VTS,0.0020153594004327716
ML_FEAT_R06_Yield Curve_VTS,0.0019061474450110785
ML_FEAT_R05_Credit Stress_ZScore_252,0.0018212501820766339
ML_FEAT_CSM_XLY_US_Equity,0.0017904783097655974
ML_FEAT_CSM_XLF_US_Equity,0.0017022577701208364
ML_FEAT_R08_Tech Alpha_ZScore_252,0.00166966371155332
ML_FEAT_R16_Commodity Infl Pulse_VTS,0.0016676340599999942
ML_FEAT_VOL_GLD_RVOL,0.0015999636575175873
ML_FEAT_R05_Credit Stress_EMA_Cross,0.0015724195338420294
ML_FEAT_CSM_EEM_US_Equity,0.001560614711249315
ML_FEAT_L02_FXE_US_Equity_SpreadShock,0.001545832822037583
ML_FEAT_MACRO_MOVE_Index,0.0015351557558954051
ML_FEAT_VOL_BD_01,0.0015099495180152598
ML_FEAT_R03_Safe Haven Pivot_EMA_Cross,0.0015096285808284934
ML_FEAT_R12_Consumer Cycle_ZScore_252,0.001444000291726596
ML_FEAT_MACRO_VIX_Index,0.0014302552065562284
ML_FEAT_VOL_MKT_04,0.0013600874880955168
ML_FEAT_L02_VNQ_US_Equity_SpreadShock,0.001356443938668075
ML_FEAT_R17_Global Risk_Mom_Acc,0.0012755959431351024
ML_FEAT_CSM_DIA_US_Equity,0.001232717351891148
ML_FEAT_L02_XLB_US_Equity_SpreadShock,0.0012274031779518628
ML_FEAT_R17_Global Risk_EMA_Cross,0.0012071378192114494
ML_FEAT_R04_Currency War_EMA_Cross,0.0011749074329727364
ML_FEAT_R13_New/Old Economy_EMA_Cross,0.001171892814140453
ML_FEAT_CSM_MDY_US_Equity,0.0011632947620092346
ML_FEAT_R11_Value Rotation_EMA_Cross,0.0011504849006796203
ML_FEAT_CSM_XLV_US_Equity,0.001119967547535696
ML_FEAT_L02_SHY_US_Equity_SpreadShock,0.0011098626505884554
ML_FEAT_R05_Credit Stress_Mom_Acc,0.0010739230089471645
ML_FEAT_L02_SLV_US_Equity_SpreadShock,0.0010663134227899985
ML_FEAT_L02_SOXX_US_Equity_SpreadShock,0.0010490869991861362
ML_FEAT_MACRO_DXY_Curncy,0.001044640568345461
ML_FEAT_R16_Commodity Infl Pulse_ZScore_252,0.0010042387254835053
ML_FEAT_R08_Tech Alpha_EMA_Cross,0.0009683602784111878
ML_FEAT_R11_Value Rotation_Mom_Acc,0.0009165145399997279
ML_FEAT_L02_XLY_US_Equity_SpreadShock,0.0008687146011580689
ML_FEAT_L02_PSQ_US_Equity_SpreadShock,0.0007757302784765919
ML_FEAT_R09_Small Cap Health_ZScore_252,0.000743088164412491
ML_FEAT_R15_Industrial Momentum_ZScore_252,0.0006397477820889575
ML_FEAT_CSM_SH_US_Equity,0.0006384373172174088
ML_FEAT_CSM_SOXX_US_Equity,0.000629679467552567
ML_FEAT_L02_XLE_US_Equity_SpreadShock,0.0005793990611219162
ML_FEAT_VOL_TLT_RVOL,0.0005767800918291756
ML_FEAT_R17_Global Risk_VTS,0.0005435498886882775
ML_FEAT_R13_New/Old Economy_Mom_Acc,0.0005395062358795428
ML_FEAT_R14_Defensive Rotation_EMA_Cross,0.000519866820451729
ML_FEAT_VOL_MKT_03,0.00047705677468356134
ML_FEAT_VOL_VIXY_RVOL,0.00046788885898290354
ML_FEAT_L02_MDY_US_Equity_SpreadShock,0.000454518291981034
ML_FEAT_R18_Industrial Cycle_EMA_Cross,0.0004528510705313934
ML_FEAT_R02_Real Rates Hedge_Mom_Acc,0.000425487281775596
ML_FEAT_L02_XLK_US_Equity_SpreadShock,0.000424082037087884
ML_FEAT_R03_Safe Haven Pivot_Mom_Acc,0.0003929174129153775
ML_FEAT_R07_Rate Bets_EMA_Cross,0.00037690342032329596
ML_FEAT_R20_Real Estate vs Rates_VTS,0.0003590290724967538
ML_FEAT_MACRO_USGG2YR_Index,0.00035804015507813193
ML_FEAT_M02_Real_Yield,0.00035421079618263944
ML_FEAT_L02_XLU_US_Equity_SpreadShock,0.0003333645769840915
ML_FEAT_R16_Commodity Infl Pulse_EMA_Cross,0.0003124448081800603
ML_FEAT_L02_XLI_US_Equity_SpreadShock,0.0002914377427155286
ML_FEAT_CSM_VIXY_US_Equity,0.00028562553191167217
ML_FEAT_R18_Industrial Cycle_ZScore_252,0.0002825315440241212
ML_FEAT_CSM_XLE_US_Equity,0.00025623347104021196
ML_FEAT_M01_YieldCurve_Spread,0.00018445492516762585
ML_FEAT_R14_Defensive Rotation_VTS,0.0001634002457874304
ML_FEAT_R18_Industrial Cycle_Mom_Acc,0.0001507227149997182
ML_FEAT_VOL_MKT_05,0.00014420370212246661
ML_FEAT_VOL_ALT_01,0.00010620923858433034
ML_FEAT_R01_Risk Sentiment_ZScore_252,9.50728872965434e-05
ML_FEAT_MACRO_USGG10YR_Index,8.381090300534324e-05
ML_FEAT_R10_Mid Cap Cycle_ZScore_252,7.796704361522566e-05
ML_FEAT_R04_Currency War_ZScore_252,0.0
ML_FEAT_R02_Real Rates Hedge_ZScore_252,0.0
ML_FEAT_R07_Rate Bets_Mom_Acc,0.0
ML_FEAT_R06_Yield Curve_Mom_Acc,0.0
ML_FEAT_R10_Mid Cap Cycle_EMA_Cross,0.0
ML_FEAT_R08_Tech Alpha_Mom_Acc,0.0
ML_FEAT_VOL_EQ_01,0.0
ML_FEAT_VOL_MKT_01,0.0
ML_FEAT_VOL_MKT_02,0.0
ML_FEAT_MACRO_CONSSENT_Index,0.0
ML_FEAT_MACRO_US0003M_Index,0.0
ML_FEAT_R13_New/Old Economy_ZScore_252,0.0
ML_FEAT_VOL_SPY_RVOL,0.0
ML_FEAT_VOL_EQ_02,0.0
ML_FEAT_L02_IEF_US_Equity_SpreadShock,0.0
ML_FEAT_L02_LQD_US_Equity_SpreadShock,0.0
ML_FEAT_L02_QQQ_US_Equity_SpreadShock,0.0
ML_FEAT_L02_SPY_US_Equity_SpreadShock,0.0
ML_FEAT_L02_XLV_US_Equity_SpreadShock,0.0
ML_FEAT_L02_XLP_US_Equity_SpreadShock,0.0
ML_FEAT_L02_RWM_US_Equity_SpreadShock,0.0
ML_FEAT_CSM_XLK_US_Equity,0.0
ML_FEAT_CSM_QQQ_US_Equity,0.0
ML_FEAT_CSM_TLT_US_Equity,0.0
ML_FEAT_CSM_SHY_US_Equity,0.0
ML_FEAT_CSM_IEF_US_Equity,0.0
ML_FEAT_CSM_UUP_US_Equity,0.0
ML_FEAT_X06_Market_Breadth,0.0
