Feature_o_Categoria,Drop_Assoluto,Drop_Percentuale
ML Classiche,0.012932246550740156,2.5730256056414356
Foundation Models,0.006854664436439228,1.3638177283303043
ML_FEAT_R05_Credit Stress_VTS,0.0066370228197824566,1.3205153175454574
CHR_Width_t5,0.0063192156258222165,1.2572837634215568
ML_FEAT_L02_EFA_US_Equity_SpreadShock,0.0038263945543808298,0.7613071036868949
ML_FEAT_R03_Safe Haven Pivot_VTS,0.003565362164192565,0.7093715779280119
ML_FEAT_CSM_SLV_US_Equity,0.0032715701093001814,0.6509181238428164
CHR_Median_t5,0.00306524920069301,0.6098681037444078
ML_FEAT_R09_Small Cap Health_EMA_Cross,0.002775012651994868,0.5521220602736718
TFM_t5,0.002353079143817549,0.4681733266828924
ML_FEAT_R12_Consumer Cycle_Mom_Acc,0.001821126122341199,0.36233489096434046
ML_FEAT_CSM_FXE_US_Equity,0.0017806939903699526,0.354290433224959
ML_FEAT_R18_Industrial Cycle_VTS,0.0014684737324081043,0.2921704670470925
ML_FEAT_CSM_SPY_US_Equity,0.0013581967848419474,0.2702295452833127
ML_FEAT_CSM_XLB_US_Equity,0.0013219123217946827,0.2630103160379332
ML_FEAT_R20_Real Estate vs Rates_ZScore_252,0.0010084734596575995,0.2006478939392242
ML_FEAT_VOL_BD_02,0.0008384341086662417,0.16681652501575014
ML_FEAT_CSM_XLI_US_Equity,0.0007735343552575102,0.15390394044157776
TFM_t20,0.0006814620302489915,0.13558504674523852
TFM_t5 (Lag 60 w),0.00038278815455428106,0.0761602958418718
TFM_t5 (Lag 20 w),-4.764734868145659e-05,-0.009480011668297246
ML_FEAT_CSM_GLD_US_Equity,-0.0005699255892097632,-0.11339353364424327
ML_FEAT_R08_Tech Alpha_VTS,-0.0007213482761276868,-0.14352089389724934
Macro,-0.0007402389383642793,-0.14727941778956521
TFM_t5 (Lag 5 w),-0.000810344651627104,-0.16122779053510958
ML_FEAT_R19_Semiconductor Cycle_Mom_Acc,-0.0008683052080082909,-0.17275973860777313
ML_FEAT_L02_EEM_US_Equity_SpreadShock,-0.001170434800241038,-0.23287204577627293
ML_FEAT_R03_Safe Haven Pivot_ZScore_252,-0.001424016290291208,-0.28332512556065526
ML_FEAT_CSM_IWM_US_Equity,-0.0018448879603998325,-0.36706259372828676
ML_FEAT_L02_UUP_US_Equity_SpreadShock,-0.0018863737848516804,-0.3753166962283385
ML_FEAT_L02_GLD_US_Equity_SpreadShock,-0.0019263264398612368,-0.38326575627367643
ML_FEAT_R14_Defensive Rotation_Mom_Acc,-0.0029558101085217503,-0.5880938833635965
ML_FEAT_R02_Real Rates Hedge_EMA_Cross,-0.002994678204638501,-0.5958271574052368
TFM_t1,-0.0038519338884001053,-0.7663884605976835
ML_FEAT_R09_Small Cap Health_VTS,-0.008149040332140256,-1.6213493420291787
ML_FEAT_R04_Currency War_VTS,-0.00860354037948663,-1.7117775793040497
