Feature,Valore_Input,Contributo_SHAP
ML_FEAT_CSM_XLB_US_Equity,1.7688680545757207,0.3086050470315382
ML_FEAT_VOL_BD_02,66249.9924721957,0.05697080610608801
TFM_t20,-0.12421308445844423,0.05688716311700674
ML_FEAT_R20_Real Estate vs Rates_ZScore_252,1.3873646285191426,0.042817967263352595
CHR_Median_t5,-0.13505572080612183,0.030528788847750173
TFM_t5,-0.12685685592803728,0.02772165290509279
ML_FEAT_R07_Rate Bets_ZScore_252,2.1536739186773506,0.01821291657629812
ML_FEAT_L02_UUP_US_Equity_SpreadShock,0.483420948175596,0.017001051711658006
ML_FEAT_L02_XLF_US_Equity_SpreadShock,-2.2203957121443825,0.01682774520795557
ML_FEAT_R05_Credit Stress_VTS,0.590886607934435,0.015674628931086555
ML_FEAT_R03_Safe Haven Pivot_VTS,0.24436273589251337,-0.014751243575238996
ML_FEAT_R04_Currency War_VTS,0.3298924926001037,-0.01447917572315467
TFM_t1,-0.12907424557122957,0.014381258397399507
ML_FEAT_L02_EEM_US_Equity_SpreadShock,-1.3314688752233217,0.014168483984639992
ML_FEAT_R05_Credit Stress_ZScore_252,1.8303752627562733,0.013865471300686917
ML_FEAT_R09_Small Cap Health_EMA_Cross,-0.009989123077474571,0.013218635668971473
ML_FEAT_R14_Defensive Rotation_Mom_Acc,0.012400372061051712,0.011978257327247801
ML_FEAT_CSM_SPY_US_Equity,0.8162766479415131,0.011589247241517359
ML_FEAT_L02_EFA_US_Equity_SpreadShock,-1.9980240697316833,0.010081585527718363
CHR_Width_t5,0.040128447115421295,0.009714670353264659
ML_FEAT_R02_Real Rates Hedge_VTS,0.3502071686942221,-0.009295822726243576
ML_FEAT_L02_GLD_US_Equity_SpreadShock,-1.0257054278852664,0.008004020310810028
ML_FEAT_CSM_FXE_US_Equity,-1.4190358622299342,-0.007121847241885132
ML_FEAT_VOL_GLD_RVOL,-0.6735755528004083,0.006161594401885637
ML_FEAT_R18_Industrial Cycle_VTS,0.4588060418943488,-0.005529144754193557
ML_FEAT_R20_Real Estate vs Rates_VTS,0.47101933638510035,0.005289657004625815
ML_FEAT_R07_Rate Bets_VTS,0.10997729870722754,-0.005233385248906755
ML_FEAT_R19_Semiconductor Cycle_EMA_Cross,0.030023483007209917,-0.00511471430564057
ML_FEAT_R08_Tech Alpha_VTS,0.6607789202528112,-0.005002498926938251
ML_FEAT_R19_Semiconductor Cycle_Mom_Acc,-0.05445820673235602,0.004913210583116647
ML_FEAT_L02_SH_US_Equity_SpreadShock,2.1213258946279328,-0.004462981178444669
ML_FEAT_R03_Safe Haven Pivot_ZScore_252,-2.0228518841868643,0.0044186264676461424
ML_FEAT_CSM_LQD_US_Equity,-2.0278252552740046,-0.004310911915517592
ML_FEAT_R09_Small Cap Health_Mom_Acc,0.0417187978459479,-0.004223948135493737
ML_FEAT_R15_Industrial Momentum_Mom_Acc,0.046107154841839915,-0.004130247076155464
ML_FEAT_L02_VIXY_US_Equity_SpreadShock,-0.23453015165794083,-0.004074659507646784
ML_FEAT_R02_Real Rates Hedge_EMA_Cross,0.008344911087196594,0.003907296870415665
ML_FEAT_R10_Mid Cap Cycle_Mom_Acc,0.036139612760441864,-0.0035709659008777484
ML_FEAT_M03_CrossVol_Ratio,-0.35830637683374567,-0.0033384298126149614
ML_FEAT_R19_Semiconductor Cycle_ZScore_252,2.1881176812949383,-0.003135387317610985
ML_FEAT_R20_Real Estate vs Rates_Mom_Acc,0.04484654338177663,-0.0030279593952560013
ML_FEAT_R15_Industrial Momentum_EMA_Cross,0.002096249258209504,-0.002965656819395355
ML_FEAT_L02_XLE_US_Equity_SpreadShock,-0.48601983001385224,0.002754970020205439
ML_FEAT_R05_Credit Stress_EMA_Cross,0.004255663168755308,-0.0027510729717492915
ML_FEAT_L02_IWM_US_Equity_SpreadShock,-1.1391702619490514,0.0027344687259521373
ML_FEAT_CSM_XLI_US_Equity,1.7318563352413041,-0.002710277717508824
ML_FEAT_L02_TLT_US_Equity_SpreadShock,0.6508261425577228,-0.002654071146606029
ML_FEAT_R12_Consumer Cycle_EMA_Cross,0.0036104166484125233,0.0026456587359006386
ML_FEAT_CSM_XLY_US_Equity,1.0147253242838414,-0.0023811502202968587
ML_FEAT_R01_Risk Sentiment_Mom_Acc,-0.028856743252181793,0.0023345965595218668
ML_FEAT_R04_Currency War_Mom_Acc,-0.015241614175123708,0.0023342309860140396
ML_FEAT_CSM_XLU_US_Equity,0.4894115845566355,-0.002101620250535805
ML_FEAT_R06_Yield Curve_EMA_Cross,-0.01037751175229952,-0.0020626720059536722
ML_FEAT_CSM_XLF_US_Equity,0.6981686798273358,-0.0020506082182262285
ML_FEAT_CSM_RWM_US_Equity,-1.200787090151747,-0.0020034873123141654
ML_FEAT_L02_DIA_US_Equity_SpreadShock,-0.8176393571034141,0.002001082002881678
ML_FEAT_L02_SOXX_US_Equity_SpreadShock,-1.008989430686399,-0.0019679515754220714
ML_FEAT_R01_Risk Sentiment_EMA_Cross,0.04376364815846534,-0.0019500933144087247
ML_FEAT_VOL_BD_01,1.1054213603259802,-0.001916655168138034
ML_FEAT_R15_Industrial Momentum_VTS,0.6121511278552456,-0.001780936639340557
ML_FEAT_VOL_ALT_02,-20067.165666480923,-0.0017179715631715988
ML_FEAT_CSM_EFA_US_Equity,0.4676738268263167,0.0017105889482416565
ML_FEAT_CSM_VNQ_US_Equity,-0.1803317787609096,-0.0017057262062487996
ML_FEAT_R14_Defensive Rotation_ZScore_252,-0.9438989700833679,-0.0016625172312169927
ML_FEAT_R17_Global Risk_VTS,0.1665267016822453,-0.0016557799538128594
ML_FEAT_MACRO_CPI_YOY_Index,-0.8452868216524121,0.001646682148838725
ML_FEAT_CSM_VIXY_US_Equity,0.0633037513688341,0.001634612371610475
ML_FEAT_R12_Consumer Cycle_Mom_Acc,0.05229609889290554,0.0015965656258581686
ML_FEAT_R15_Industrial Momentum_ZScore_252,-0.6443463319393206,0.0015568408710625896
ML_FEAT_CSM_SLV_US_Equity,-0.37867314270492475,-0.0014473017258258636
ML_FEAT_CSM_GLD_US_Equity,-0.5976733606394365,-0.0013307197566595303
ML_FEAT_R01_Risk Sentiment_VTS,0.21407519308462988,-0.0013240080000531669
ML_FEAT_L02_XLB_US_Equity_SpreadShock,-1.4304179736406917,0.001288172158780455
ML_FEAT_R13_New/Old Economy_Mom_Acc,-0.13895099677756884,-0.0012591790180475262
ML_FEAT_M04_MoneyMarket_Stress,-0.05530931644922781,0.0012391865406536106
ML_FEAT_R11_Value Rotation_ZScore_252,-1.0920343697752393,0.0011173001021016304
ML_FEAT_R16_Commodity Infl Pulse_Mom_Acc,-0.009008396445052469,-0.0011137176726096322
ML_FEAT_R09_Small Cap Health_VTS,0.4805872635059449,0.0011132844986830135
ML_FEAT_R04_Currency War_EMA_Cross,0.010954364451521093,0.0010403706495460841
ML_FEAT_R10_Mid Cap Cycle_VTS,0.34387275409607065,0.0010380881014491535
ML_FEAT_R16_Commodity Infl Pulse_VTS,0.3674466348645982,-0.0008836913846228194
ML_FEAT_R06_Yield Curve_ZScore_252,-0.7437476145857316,-0.0008233548507349735
ML_FEAT_R05_Credit Stress_Mom_Acc,0.001765871590065693,-0.0008215476750285986
ML_FEAT_L02_FXE_US_Equity_SpreadShock,0.07366654465527026,0.0008051467342433365
ML_FEAT_CSM_PSQ_US_Equity,-0.7359491154325443,-0.0008033681936072508
ML_FEAT_CSM_MDY_US_Equity,0.6808701430042092,0.0008016587923322613
ML_FEAT_M05_VIX_Premium,-1.236680195118488,0.0007964356351202483
ML_FEAT_R17_Global Risk_ZScore_252,-1.4925245085617151,-0.0007956653068493995
ML_FEAT_R17_Global Risk_Mom_Acc,0.020454275280644474,-0.000780905375007654
ML_FEAT_R06_Yield Curve_VTS,0.2527503338457172,-0.0007772905306682632
ML_FEAT_R13_New/Old Economy_EMA_Cross,0.021137991486091745,-0.0007720945194221559
ML_FEAT_R13_New/Old Economy_VTS,0.5555804959573051,-0.000754018652596716
ML_FEAT_R20_Real Estate vs Rates_EMA_Cross,0.007302222869835409,-0.0007337546912784479
ML_FEAT_R12_Consumer Cycle_VTS,0.44549078618576754,0.0006776638084093041
ML_FEAT_L02_SLV_US_Equity_SpreadShock,0.340719748450648,-0.0006622755393041841
ML_FEAT_CSM_XLP_US_Equity,0.6336494979603036,0.0006469521953501431
ML_FEAT_R09_Small Cap Health_ZScore_252,-1.3931548662959063,0.0006038992456328706
ML_FEAT_CSM_DIA_US_Equity,-0.004311801310722459,0.0005340678216832629
ML_FEAT_R11_Value Rotation_EMA_Cross,-0.010046352990201013,-0.0005291427776761815
ML_FEAT_L02_XLI_US_Equity_SpreadShock,-2.2638294560343355,-0.0005262658544199365
ML_FEAT_R17_Global Risk_EMA_Cross,-0.0022954207198847554,0.0004904531972689226
ML_FEAT_R18_Industrial Cycle_EMA_Cross,0.007734847654945032,0.0004902828610925059
ML_FEAT_CSM_XLV_US_Equity,1.7462753667928719,0.0004902441136524259
ML_FEAT_VOL_MKT_04,0.8792197039767689,0.0004630420212045768
ML_FEAT_CSM_XLE_US_Equity,1.2153834309584213,0.00045485196076060853
ML_FEAT_L02_XLY_US_Equity_SpreadShock,-1.3149862611876386,-0.0004453659078826688
ML_FEAT_L02_PSQ_US_Equity_SpreadShock,1.7555936746036516,-0.0004451973030232522
ML_FEAT_L02_VNQ_US_Equity_SpreadShock,-0.49533088031431205,-0.00043855694624212263
ML_FEAT_R08_Tech Alpha_EMA_Cross,0.0014630890452626,0.0004358347229620681
ML_FEAT_R11_Value Rotation_VTS,0.4756950256328931,-0.0004213876415024168
ML_FEAT_R12_Consumer Cycle_ZScore_252,0.9844490925490338,0.00035373657690891203
ML_FEAT_R16_Commodity Infl Pulse_EMA_Cross,-0.0040296972681941705,0.0003528461371038432
ML_FEAT_R16_Commodity Infl Pulse_ZScore_252,-0.6773618674672762,0.00031298808578882634
ML_FEAT_M02_Real_Yield,0.8970732645068523,0.00031257214622422403
ML_FEAT_R03_Safe Haven Pivot_EMA_Cross,-0.035418737071267636,-0.0003004871877790848
ML_FEAT_R07_Rate Bets_EMA_Cross,0.044850959352705666,-0.0002912970542191496
ML_FEAT_R02_Real Rates Hedge_Mom_Acc,-0.022163958900687675,0.0002823997222591595
ML_FEAT_MACRO_DXY_Curncy,0.27368778356940004,0.000269414832542747
ML_FEAT_CSM_SH_US_Equity,-1.1800704589253679,-0.0002627953728727401
ML_FEAT_L02_XLK_US_Equity_SpreadShock,-1.528998684719313,0.00025912019547248396
ML_FEAT_R14_Defensive Rotation_EMA_Cross,0.00078406988446722,0.00024832711165639556
ML_FEAT_R11_Value Rotation_Mom_Acc,0.03602454704503888,-0.0002456512612103651
ML_FEAT_VOL_VIXY_RVOL,0.28553696242986126,-0.00022165882639759045
ML_FEAT_VOL_MKT_03,0.06666666666666667,-0.0001796503446110127
ML_FEAT_VOL_TLT_RVOL,-0.13008002294181809,0.00017736011814772093
ML_FEAT_MACRO_USGG2YR_Index,0.26614847013023135,-0.00015391084144204123
ML_FEAT_CSM_SOXX_US_Equity,0.24096593332678057,0.00015300644130800177
ML_FEAT_R03_Safe Haven Pivot_Mom_Acc,0.006692784351494119,0.00013522894213998984
ML_FEAT_MACRO_VIX_Index,-0.4841334747414774,0.0001317821900273358
ML_FEAT_R19_Semiconductor Cycle_VTS,0.24354594797366802,0.00012920939086742868
ML_FEAT_L02_MDY_US_Equity_SpreadShock,-0.28392257149152794,0.00010343669629776676
ML_FEAT_CSM_EEM_US_Equity,1.7896157427194983,-0.0001014458177896318
ML_FEAT_R10_Mid Cap Cycle_ZScore_252,-1.1772799881924387,-8.118748033518751e-05
ML_FEAT_R18_Industrial Cycle_ZScore_252,1.435734406188922,-8.035713290887592e-05
ML_FEAT_M01_YieldCurve_Spread,0.7801773993469548,-8.015888322022386e-05
ML_FEAT_L02_XLU_US_Equity_SpreadShock,0.8089883625571949,-6.210394841970505e-05
ML_FEAT_MACRO_MOVE_Index,-0.3863129653867863,-6.162181684547433e-05
ML_FEAT_MACRO_USGG10YR_Index,0.7210755222386773,5.861920817869961e-05
ML_FEAT_VOL_MKT_05,284157.54985796707,-4.886172691257915e-05
ML_FEAT_R14_Defensive Rotation_VTS,0.4528762078421246,4.719102652003741e-05
ML_FEAT_VOL_ALT_01,-0.590185136874722,4.3996875032358404e-05
ML_FEAT_R08_Tech Alpha_ZScore_252,0.9846394366967207,4.3025028294117756e-05
ML_FEAT_R01_Risk Sentiment_ZScore_252,1.7784688481019713,-4.138286384958479e-05
ML_FEAT_L02_SHY_US_Equity_SpreadShock,-0.6235617021067646,-3.900620992506804e-05
ML_FEAT_CSM_IWM_US_Equity,0.04868505288336556,3.620508379382959e-05
ML_FEAT_R18_Industrial Cycle_Mom_Acc,-0.04440978325525702,1.2319976574393402e-05
ML_FEAT_R04_Currency War_ZScore_252,0.7042812192878104,0.0
ML_FEAT_R02_Real Rates Hedge_ZScore_252,0.9589140995555382,0.0
ML_FEAT_R07_Rate Bets_Mom_Acc,-0.04992589726842844,0.0
ML_FEAT_R06_Yield Curve_Mom_Acc,0.05159046758261887,0.0
ML_FEAT_R10_Mid Cap Cycle_EMA_Cross,-0.007240276903320804,0.0
ML_FEAT_R08_Tech Alpha_Mom_Acc,-0.034088684814858716,0.0
ML_FEAT_VOL_EQ_01,0.27225244176351926,0.0
ML_FEAT_VOL_MKT_01,0.22617740937151962,0.0
ML_FEAT_VOL_MKT_02,0.06666666666666667,0.0
ML_FEAT_MACRO_CONSSENT_Index,2.5798630460405394,0.0
ML_FEAT_MACRO_US0003M_Index,0.41264653716553756,0.0
ML_FEAT_R13_New/Old Economy_ZScore_252,1.4812744988304636,0.0
ML_FEAT_VOL_SPY_RVOL,0.10476507394118399,0.0
ML_FEAT_VOL_EQ_02,350407.5423301628,0.0
ML_FEAT_L02_IEF_US_Equity_SpreadShock,0.4207965356486217,0.0
ML_FEAT_L02_LQD_US_Equity_SpreadShock,-0.3002081741571656,0.0
ML_FEAT_L02_QQQ_US_Equity_SpreadShock,-1.1605229942796877,0.0
ML_FEAT_L02_SPY_US_Equity_SpreadShock,-1.4096126357058538,0.0
ML_FEAT_L02_XLV_US_Equity_SpreadShock,-2.5387926544980317,0.0
ML_FEAT_L02_XLP_US_Equity_SpreadShock,-0.6760889178911793,0.0
ML_FEAT_L02_RWM_US_Equity_SpreadShock,1.6211352781090211,0.0
ML_FEAT_CSM_XLK_US_Equity,-0.9054220011388373,0.0
ML_FEAT_CSM_QQQ_US_Equity,-0.7283435675312873,0.0
ML_FEAT_CSM_TLT_US_Equity,-0.6624129281347195,0.0
ML_FEAT_CSM_SHY_US_Equity,-1.193220389186704,0.0
ML_FEAT_CSM_IEF_US_Equity,-1.854084997103399,0.0
ML_FEAT_CSM_UUP_US_Equity,-0.3706542462137909,0.0
ML_FEAT_X06_Market_Breadth,0.6666666666666666,0.0
