,seed_0,seed_1,seed_2,seed_3,seed_4,seed_5,seed_6,seed_7,seed_8,seed_9,mean_importance,std_importance,cv
CHR_Width_t5,119,125,116,131,119,113,122,120,116,108,118.9,6.040695324215582,0.05080483871915503
TFM_t1,61,77,69,73,73,82,77,72,64,73,72.1,5.8898217290508885,0.08168962175081822
TFM_t20,62,52,58,53,56,62,53,61,59,59,57.5,3.6124783736376886,0.06282571083494663
CHR_Median_t5,41,36,42,42,35,36,41,41,36,44,39.4,3.1048349392520045,0.07880291721989785
TFM_t5,37,40,46,31,38,32,30,35,45,38,37.2,5.192301994298868,0.13957801056191094
ML_FEAT_CSM_XLB_US_Equity,21,22,20,21,20,19,20,20,18,20,20.1,1.044030650891055,0.05194182340157397
ML_FEAT_L02_FXE_US_Equity_SpreadShock,16,13,15,14,16,19,16,15,15,14,15.3,1.5524174696260022,0.10146519402688563
ML_FEAT_R15_Industrial Momentum_VTS,15,15,13,15,18,15,16,13,16,14,15.0,1.4142135623730951,0.0942809040953524
ML_FEAT_CSM_IWM_US_Equity,18,13,15,12,12,13,15,15,14,15,14.2,1.7204650534085253,0.12115951071809368
ML_FEAT_M05_VIX_Premium,13,14,13,14,13,16,18,13,13,11,13.8,1.8330302779823362,0.1328282809169604
ML_FEAT_R08_Tech Alpha_VTS,12,14,11,19,12,16,14,12,13,11,13.4,2.3748684174075834,0.1772289862414398
ML_FEAT_R03_Safe Haven Pivot_ZScore_252,16,13,13,12,11,14,11,10,13,12,12.5,1.6278820596099706,0.1302305646646132
ML_FEAT_R19_Semiconductor Cycle_ZScore_252,12,13,13,11,11,13,12,12,13,12,12.2,0.7483314773547884,0.061338645634541146
ML_FEAT_R04_Currency War_VTS,13,13,13,11,13,11,12,12,13,10,12.1,1.0440306508910548,0.08628352479572063
ML_FEAT_R12_Consumer Cycle_VTS,14,13,10,11,11,10,14,13,10,13,11.9,1.57797338380595,0.1326028052504136
ML_FEAT_R05_Credit Stress_VTS,14,13,10,12,10,12,12,12,12,10,11.7,1.268857754044952,0.10844938059491095
ML_FEAT_L02_UUP_US_Equity_SpreadShock,11,10,11,14,11,12,13,12,10,12,11.6,1.2,0.10344827577288941
ML_FEAT_R20_Real Estate vs Rates_ZScore_252,11,10,8,13,11,11,11,11,13,14,11.3,1.6155494421403513,0.14296897705404082
ML_FEAT_VOL_BD_02,12,11,14,11,12,12,10,10,12,9,11.3,1.3453624047073711,0.11905861978024644
ML_FEAT_R11_Value Rotation_ZScore_252,8,11,11,11,12,12,11,11,11,12,11.0,1.0954451150103321,0.09958591945586118
ML_FEAT_L02_TLT_US_Equity_SpreadShock,12,9,10,11,9,11,9,10,11,15,10.7,1.7349351572897473,0.16214347249236566
ML_FEAT_R11_Value Rotation_VTS,13,11,12,9,9,11,10,10,10,8,10.3,1.4177446878757827,0.13764511519410982
ML_FEAT_R09_Small Cap Health_VTS,13,10,10,9,10,10,9,10,11,10,10.2,1.077032961426901,0.10559146670303787
ML_FEAT_CSM_GLD_US_Equity,11,7,9,11,11,10,12,9,8,10,9.8,1.4696938456699067,0.149968759609206
ML_FEAT_L02_EEM_US_Equity_SpreadShock,10,10,9,11,9,9,11,11,8,10,9.8,0.9797958971132713,0.09997917307280402
ML_FEAT_CSM_SLV_US_Equity,9,10,10,11,8,7,10,12,10,10,9.7,1.3453624047073711,0.1386971549814845
ML_FEAT_CSM_PSQ_US_Equity,9,10,10,9,10,9,11,9,10,9,9.6,0.66332495807108,0.06909634972709547
ML_FEAT_R09_Small Cap Health_ZScore_252,9,9,10,10,11,10,8,11,9,8,9.5,1.02469507659596,0.10786263952814036
ML_FEAT_CSM_XLP_US_Equity,10,9,8,10,9,9,11,8,12,9,9.5,1.2041594578792296,0.1267536270117572
ML_FEAT_R20_Real Estate vs Rates_Mom_Acc,11,11,8,11,9,8,12,8,8,8,9.4,1.5620499351813308,0.16617552484250803
ML_FEAT_L02_EFA_US_Equity_SpreadShock,10,11,8,9,9,8,11,7,9,9,9.1,1.2206555615733703,0.13413797365186708
ML_FEAT_CSM_XLI_US_Equity,7,9,9,10,8,8,9,12,9,10,9.1,1.3,0.14285714270015698
ML_FEAT_R14_Defensive Rotation_Mom_Acc,7,9,7,9,10,9,8,6,10,10,8.5,1.3601470508735443,0.16001729991451424
ML_FEAT_R19_Semiconductor Cycle_Mom_Acc,7,9,9,9,7,11,7,6,11,9,8.5,1.6278820596099706,0.19151553619939002
ML_FEAT_M04_MoneyMarket_Stress,12,6,10,10,8,6,7,9,7,8,8.3,1.8466185312619388,0.22248416012495142
ML_FEAT_R09_Small Cap Health_Mom_Acc,8,10,6,8,9,10,6,7,9,10,8.3,1.4866068747318506,0.1791092618000913
ML_FEAT_R03_Safe Haven Pivot_VTS,8,10,8,7,8,7,5,11,8,8,8.0,1.5491933384829668,0.19364916706830937
ML_FEAT_L02_IWM_US_Equity_SpreadShock,8,6,11,7,7,9,8,9,7,8,8.0,1.3416407864998738,0.16770509810285283
ML_FEAT_R19_Semiconductor Cycle_VTS,7,6,8,5,10,7,11,7,8,10,7.9,1.8138357147217055,0.22959945726907732
ML_FEAT_CSM_SPY_US_Equity,8,8,7,5,7,8,7,10,9,9,7.8,1.32664991614216,0.17008332236427268
ML_FEAT_R17_Global Risk_ZScore_252,5,8,7,6,8,11,8,6,12,7,7.8,2.0880613017821097,0.26770016655193696
ML_FEAT_L02_GLD_US_Equity_SpreadShock,7,9,7,7,7,6,6,10,10,7,7.6,1.42828568570857,0.18793232681963773
ML_FEAT_M03_CrossVol_Ratio,9,9,8,7,7,5,5,8,6,9,7.3,1.4866068747318506,0.20364477708156203
ML_FEAT_L02_XLF_US_Equity_SpreadShock,8,8,9,6,10,7,7,5,5,6,7.1,1.57797338380595,0.22224977205400737
ML_FEAT_L02_VIXY_US_Equity_SpreadShock,7,6,7,7,6,4,9,8,6,6,6.6,1.2806248474865698,0.19403406750700442
ML_FEAT_R01_Risk Sentiment_Mom_Acc,5,7,6,7,6,8,6,7,6,8,6.6,0.9165151389911679,0.13886592993977404
ML_FEAT_R07_Rate Bets_ZScore_252,6,8,6,6,7,7,5,7,6,7,6.5,0.806225774829855,0.1240347343983858
ML_FEAT_R09_Small Cap Health_EMA_Cross,7,6,6,6,7,7,6,6,7,6,6.4,0.4898979485566356,0.07654655434237032
ML_FEAT_R15_Industrial Momentum_Mom_Acc,6,7,5,5,5,6,7,7,8,7,6.3,1.004987562112089,0.1595218350026779
ML_FEAT_R05_Credit Stress_ZScore_252,8,4,4,6,3,9,6,9,9,5,6.3,2.1931712199461306,0.3481224153118899
ML_FEAT_R02_Real Rates Hedge_EMA_Cross,6,6,7,5,6,5,7,10,6,5,6.3,1.4177446878757827,0.22503883898815782
ML_FEAT_MACRO_MOVE_Index,6,6,6,6,8,4,7,5,6,6,6.0,1.0,0.16666666638888888
ML_FEAT_CSM_EEM_US_Equity,5,5,7,6,7,3,7,6,8,6,6.0,1.3416407864998738,0.223606797377301
ML_FEAT_L02_PSQ_US_Equity_SpreadShock,5,9,3,6,6,8,5,2,8,7,5.9,2.118962010041709,0.3591461027881776
ML_FEAT_L02_SLV_US_Equity_SpreadShock,7,6,6,5,7,5,8,5,6,4,5.9,1.1357816691600546,0.19250536732796625
ML_FEAT_CSM_FXE_US_Equity,5,7,6,7,7,5,6,5,5,6,5.9,0.8306623862918074,0.1407902347260856
ML_FEAT_CSM_LQD_US_Equity,5,7,8,3,6,5,6,6,6,7,5.9,1.3,0.22033898267739155
ML_FEAT_R16_Commodity Infl Pulse_EMA_Cross,3,5,7,9,7,4,5,5,6,7,5.8,1.661324772583615,0.2864353051240107
ML_FEAT_R18_Industrial Cycle_VTS,5,6,6,8,5,6,4,5,5,8,5.8,1.2489995996796797,0.21534475819417795
ML_FEAT_R12_Consumer Cycle_Mom_Acc,7,4,3,6,8,10,6,4,5,4,5.7,2.0518284528683193,0.3599699033804597
ML_FEAT_R01_Risk Sentiment_VTS,6,7,4,4,10,3,5,6,6,6,5.7,1.846618531261939,0.32396816281092233
ML_FEAT_VOL_MKT_04,8,6,5,7,6,5,5,4,4,6,5.6,1.2000000000000002,0.21428571390306128
ML_FEAT_R16_Commodity Infl Pulse_VTS,6,6,7,3,6,8,2,5,6,6,5.5,1.6881943016134133,0.3069444179170853
ML_FEAT_MACRO_CPI_YOY_Index,5,5,4,4,5,5,8,7,6,6,5.5,1.2041594578792296,0.21893808285269978
ML_FEAT_R10_Mid Cap Cycle_Mom_Acc,6,6,7,5,6,6,5,5,4,4,5.4,0.9165151389911679,0.16972502542479956
ML_FEAT_L02_SH_US_Equity_SpreadShock,5,8,6,5,4,4,6,8,3,4,5.3,1.6155494421403513,0.30482064888531035
ML_FEAT_CSM_VNQ_US_Equity,7,6,4,4,4,5,6,6,4,6,5.2,1.077032961426901,0.2071217229530161
ML_FEAT_R01_Risk Sentiment_EMA_Cross,7,3,6,6,5,5,5,6,3,6,5.2,1.2489995996796797,0.24019223024572256
ML_FEAT_CSM_DIA_US_Equity,6,6,6,6,1,3,8,6,5,4,5.1,1.8681541692269403,0.3663047383458614
ML_FEAT_CSM_MDY_US_Equity,4,5,5,5,4,6,4,5,4,9,5.1,1.445683229480096,0.28346729934223985
ML_FEAT_CSM_RWM_US_Equity,3,5,4,4,6,9,6,5,4,5,5.1,1.57797338380595,0.30940654523762445
ML_FEAT_CSM_XLF_US_Equity,5,5,4,4,4,6,6,6,6,4,5.0,0.8944271909999159,0.1788854378422123
ML_FEAT_R15_Industrial Momentum_EMA_Cross,6,4,5,5,4,3,7,5,6,5,5.0,1.0954451150103321,0.21908902256388837
ML_FEAT_R02_Real Rates Hedge_VTS,5,6,4,6,3,5,3,6,5,6,4.9,1.1357816691600546,0.2317921769065577
ML_FEAT_R18_Industrial Cycle_EMA_Cross,5,3,4,4,5,7,4,6,5,6,4.9,1.1357816691600546,0.2317921769065577
ML_FEAT_CSM_EFA_US_Equity,3,4,4,5,4,5,4,5,6,6,4.6,0.9165151389911681,0.19924242108668347
ML_FEAT_L02_XLK_US_Equity_SpreadShock,4,4,5,5,7,3,6,3,2,6,4.5,1.5,0.3333333325925926
ML_FEAT_R16_Commodity Infl Pulse_Mom_Acc,5,4,5,4,3,3,6,5,6,3,4.4,1.1135528725660044,0.2530801977352733
ML_FEAT_R17_Global Risk_Mom_Acc,2,5,4,6,5,3,4,5,4,6,4.4,1.2000000000000002,0.272727272107438
ML_FEAT_R17_Global Risk_EMA_Cross,4,3,4,4,4,2,4,6,6,3,4.0,1.1832159566199232,0.29580398841547084
ML_FEAT_MACRO_USGG2YR_Index,4,4,3,3,4,5,3,5,5,3,3.9,0.8306623862918074,0.2129903549133087
ML_FEAT_R10_Mid Cap Cycle_VTS,3,3,4,4,5,7,6,3,1,3,3.9,1.6401219466856725,0.420544087815444
ML_FEAT_R03_Safe Haven Pivot_EMA_Cross,3,3,5,3,5,4,4,2,5,4,3.8,0.9797958971132712,0.257841024877595
ML_FEAT_R02_Real Rates Hedge_Mom_Acc,5,3,4,3,5,3,5,3,4,3,3.8,0.8717797887081347,0.22941573326683615
ML_FEAT_R07_Rate Bets_EMA_Cross,3,2,5,3,5,6,3,4,2,5,3.8,1.32664991614216,0.3491183980660464
ML_FEAT_L02_VNQ_US_Equity_SpreadShock,4,2,5,4,4,5,3,3,3,4,3.7,0.9,0.24324324258582908
ML_FEAT_VOL_BD_01,5,1,3,5,1,5,2,6,5,4,3.7,1.7349351572897471,0.46890139259479274
ML_FEAT_R13_New/Old Economy_VTS,4,5,3,5,2,3,4,2,3,4,3.5,1.02469507659596,0.2927700210480742
ML_FEAT_R07_Rate Bets_VTS,3,3,4,2,2,5,5,4,3,4,3.5,1.02469507659596,0.2927700210480742
ML_FEAT_R04_Currency War_Mom_Acc,3,1,4,3,4,3,6,4,3,3,3.4,1.2000000000000002,0.352941175432526
ML_FEAT_CSM_XLU_US_Equity,1,5,3,2,4,4,3,4,3,5,3.4,1.2,0.35294117543252596
ML_FEAT_R05_Credit Stress_Mom_Acc,3,4,3,3,4,4,2,4,3,3,3.3,0.6403124237432849,0.19403406721301342
ML_FEAT_VOL_ALT_02,5,3,4,6,2,3,2,3,2,3,3.3,1.268857754044952,0.3845023485454329
ML_FEAT_R18_Industrial Cycle_Mom_Acc,4,3,2,2,2,1,7,5,4,2,3.2,1.7204650534085253,0.5376453275100225
ML_FEAT_R06_Yield Curve_ZScore_252,3,1,3,3,3,5,4,4,2,3,3.1,1.044030650891055,0.3367840798461981
ML_FEAT_VOL_GLD_RVOL,3,4,3,3,2,4,2,3,3,3,3.0,0.6324555320336759,0.2108185099751636
ML_FEAT_M01_YieldCurve_Spread,3,4,2,2,3,4,3,2,3,3,2.9,0.7,0.24137930951248512
ML_FEAT_R14_Defensive Rotation_ZScore_252,3,4,2,3,2,2,1,4,4,3,2.8,0.9797958971132712,0.34992710486214296
ML_FEAT_R08_Tech Alpha_ZScore_252,2,1,3,3,4,1,3,4,4,3,2.8,1.0770329614269007,0.3846546277072695
ML_FEAT_VOL_MKT_05,5,3,2,2,2,1,2,3,5,2,2.7,1.268857754044952,0.4699473145723995
ML_FEAT_R14_Defensive Rotation_EMA_Cross,3,2,3,4,2,3,2,3,2,2,2.6,0.66332495807108,0.2551249828922424
ML_FEAT_R20_Real Estate vs Rates_EMA_Cross,4,1,4,3,2,3,2,1,3,2,2.5,1.02469507659596,0.4098780289988719
ML_FEAT_R17_Global Risk_VTS,4,2,1,4,2,3,1,2,4,2,2.5,1.118033988749895,0.4472135937111036
ML_FEAT_R08_Tech Alpha_EMA_Cross,1,2,2,4,3,2,2,2,2,4,2.4,0.9165151389911681,0.3818813063218146
ML_FEAT_R12_Consumer Cycle_EMA_Cross,1,2,3,1,3,2,2,2,2,5,2.3,1.0999999999999999,0.4782608674858223
ML_FEAT_CSM_SOXX_US_Equity,1,2,3,2,3,4,3,2,2,1,2.3,0.9,0.3913043461247638
ML_FEAT_R06_Yield Curve_EMA_Cross,2,2,2,2,4,1,1,2,3,4,2.3,1.004987562112089,0.4369511120619904
ML_FEAT_R05_Credit Stress_EMA_Cross,1,3,2,2,2,3,2,2,3,2,2.2,0.6000000000000001,0.27272727148760334
ML_FEAT_CSM_VIXY_US_Equity,3,1,3,3,2,2,1,2,1,4,2.2,0.9797958971132713,0.4453617693907516
ML_FEAT_R03_Safe Haven Pivot_Mom_Acc,1,3,0,2,1,4,3,1,2,4,2.1,1.3,0.6190476160997733
ML_FEAT_CSM_SH_US_Equity,3,2,1,3,3,4,1,1,2,1,2.1,1.044030650891055,0.49715745043784787
ML_FEAT_CSM_XLY_US_Equity,2,4,2,4,2,1,1,1,2,2,2.1,1.044030650891055,0.49715745043784787
ML_FEAT_R06_Yield Curve_VTS,1,1,2,3,3,5,0,1,1,3,2.0,1.4142135623730951,0.7071067776510137
ML_FEAT_VOL_ALT_01,1,3,1,3,3,2,2,2,1,2,2.0,0.7745966692414834,0.38729833268425007
ML_FEAT_R18_Industrial Cycle_ZScore_252,2,2,1,1,0,3,2,3,3,3,2.0,1.0,0.4999999975
ML_FEAT_R04_Currency War_ZScore_252,1,3,2,2,1,2,2,0,2,4,1.9,1.044030650891055,0.5494898133663985
ML_FEAT_L02_XLB_US_Equity_SpreadShock,2,3,2,1,2,1,3,3,1,1,1.9,0.8306623862918074,0.4371907273262633
ML_FEAT_MACRO_DXY_Curncy,2,2,2,2,3,2,2,0,2,1,1.8,0.7483314773547882,0.415739707331884
ML_FEAT_R19_Semiconductor Cycle_EMA_Cross,3,1,3,2,1,1,2,1,3,1,1.8,0.8717797887081347,0.48432210214717425
ML_FEAT_R13_New/Old Economy_EMA_Cross,2,3,3,2,1,3,1,1,1,1,1.8,0.8717797887081348,0.4843221021471743
ML_FEAT_R04_Currency War_EMA_Cross,2,1,2,2,2,1,2,1,3,1,1.7,0.6403124237432849,0.37665436469220076
ML_FEAT_VOL_TLT_RVOL,1,1,1,1,3,2,1,3,1,3,1.7,0.9,0.5294117615916956
ML_FEAT_VOL_MKT_01,1,2,1,2,2,1,2,1,2,2,1.6,0.48989794855663565,0.30618621593423345
ML_FEAT_L02_DIA_US_Equity_SpreadShock,1,3,2,2,2,0,1,3,1,1,1.6,0.9165151389911681,0.5728219582893428
ML_FEAT_L02_XLU_US_Equity_SpreadShock,3,1,3,0,1,1,1,1,2,2,1.5,0.9219544457292888,0.6146362930552839
ML_FEAT_R13_New/Old Economy_Mom_Acc,0,1,1,2,2,4,0,2,2,1,1.5,1.118033988749895,0.74535598753089
ML_FEAT_CSM_XLV_US_Equity,2,1,2,1,1,2,2,2,2,0,1.5,0.6708203932499369,0.447213592518534
ML_FEAT_L02_SHY_US_Equity_SpreadShock,0,2,2,2,3,1,3,0,0,2,1.5,1.118033988749895,0.74535598753089
ML_FEAT_MACRO_USGG10YR_Index,2,2,2,1,2,0,1,1,3,0,1.4,0.9165151389911681,0.6546536660318797
ML_FEAT_CSM_XLE_US_Equity,3,1,0,1,0,1,3,1,3,1,1.4,1.1135528725660042,0.7953949032943252
ML_FEAT_L02_MDY_US_Equity_SpreadShock,2,0,1,1,2,1,2,1,3,1,1.4,0.8,0.5714285673469389
ML_FEAT_L02_IEF_US_Equity_SpreadShock,1,2,1,3,0,0,3,1,1,1,1.3,1.004987562112089,0.7730673495241658
ML_FEAT_VOL_VIXY_RVOL,0,1,1,1,0,0,2,2,2,3,1.2,0.9797958971132713,0.816496574123588
ML_FEAT_R01_Risk Sentiment_ZScore_252,1,2,1,2,0,0,1,0,2,2,1.1,0.8306623862918076,0.7551476170366649
ML_FEAT_R20_Real Estate vs Rates_VTS,1,0,2,3,0,0,0,1,3,1,1.1,1.1357816691600546,1.032528780758879
ML_FEAT_VOL_MKT_03,1,1,1,1,2,1,0,1,1,2,1.1,0.5385164807134504,0.4895604325616782
ML_FEAT_R11_Value Rotation_Mom_Acc,2,2,0,1,1,2,1,1,0,0,1.0,0.7745966692414834,0.7745966614955169
ML_FEAT_R14_Defensive Rotation_VTS,1,2,1,1,1,0,1,2,1,0,1.0,0.6324555320336759,0.6324555257091207
ML_FEAT_L02_XLI_US_Equity_SpreadShock,1,2,1,0,2,1,0,1,1,1,1.0,0.6324555320336759,0.6324555257091207
ML_FEAT_CSM_UUP_US_Equity,3,0,1,2,1,0,0,0,1,1,0.9,0.9433981132056604,1.0482201141371768
ML_FEAT_R02_Real Rates Hedge_ZScore_252,2,1,2,1,1,1,0,1,0,0,0.9,0.7000000000000001,0.7777777691358025
ML_FEAT_M02_Real_Yield,0,0,1,1,1,2,2,1,0,0,0.8,0.7483314773547883,0.9354143350008061
ML_FEAT_VOL_SPY_RVOL,1,1,0,0,1,2,1,1,0,0,0.7,0.6403124237432849,0.9147320208513782
ML_FEAT_R12_Consumer Cycle_ZScore_252,2,0,2,0,0,0,1,1,0,1,0.7,0.7810249675906654,1.1157499377616658
ML_FEAT_MACRO_US0003M_Index,0,1,1,0,2,1,0,0,0,1,0.6,0.66332495807108,1.1055415783594404
ML_FEAT_VOL_EQ_01,0,1,1,0,1,0,0,0,2,1,0.6,0.6633249580710799,1.1055415783594402
ML_FEAT_R08_Tech Alpha_Mom_Acc,0,0,3,0,1,0,0,0,0,2,0.6,1.0198039027185568,1.699673142869709
ML_FEAT_R06_Yield Curve_Mom_Acc,0,0,2,0,0,0,0,0,2,1,0.5,0.806225774829855,1.6124515174106795
ML_FEAT_CSM_XLK_US_Equity,2,0,0,0,0,0,0,0,2,1,0.5,0.806225774829855,1.6124515174106795
ML_FEAT_L02_XLY_US_Equity_SpreadShock,1,1,1,0,0,0,1,0,0,1,0.5,0.5,0.9999999800000003
ML_FEAT_VOL_EQ_02,0,1,1,1,0,0,1,1,0,0,0.5,0.5,0.9999999800000003
ML_FEAT_R16_Commodity Infl Pulse_ZScore_252,0,2,0,0,1,0,0,0,0,2,0.5,0.806225774829855,1.6124515174106795
ML_FEAT_L02_XLE_US_Equity_SpreadShock,1,0,0,1,1,0,0,0,0,1,0.4,0.48989794855663565,1.224744840772968
ML_FEAT_R10_Mid Cap Cycle_ZScore_252,0,0,0,0,0,0,1,1,1,0,0.3,0.45825756949558394,1.5275251807344405
ML_FEAT_L02_QQQ_US_Equity_SpreadShock,0,0,2,0,1,0,0,0,0,0,0.3,0.6403124237432848,2.134374674665127
ML_FEAT_L02_SPY_US_Equity_SpreadShock,0,0,0,0,0,0,1,1,0,1,0.3,0.45825756949558394,1.5275251807344405
ML_FEAT_R15_Industrial Momentum_ZScore_252,0,0,0,0,0,1,1,0,0,1,0.3,0.45825756949558405,1.527525180734441
ML_FEAT_R11_Value Rotation_EMA_Cross,0,0,1,0,0,1,0,0,0,0,0.2,0.4000000000000001,1.9999999000000053
ML_FEAT_CSM_TLT_US_Equity,0,0,1,0,1,0,0,0,0,0,0.2,0.4000000000000001,1.9999999000000053
ML_FEAT_MACRO_CONSSENT_Index,0,0,0,0,1,0,0,0,1,0,0.2,0.4000000000000001,1.9999999000000053
ML_FEAT_MACRO_VIX_Index,0,0,0,0,0,0,1,1,0,0,0.2,0.4,1.999999900000005
ML_FEAT_R07_Rate Bets_Mom_Acc,0,0,1,0,0,0,0,0,0,0,0.1,0.30000000000000004,2.9999997000000302
ML_FEAT_L02_SOXX_US_Equity_SpreadShock,0,0,0,0,1,0,0,0,0,0,0.1,0.30000000000000004,2.9999997000000302
ML_FEAT_VOL_MKT_02,0,0,1,0,0,0,0,0,0,0,0.1,0.30000000000000004,2.9999997000000302
ML_FEAT_CSM_SHY_US_Equity,0,0,0,0,0,1,0,0,0,0,0.1,0.30000000000000004,2.9999997000000302
ML_FEAT_L02_XLV_US_Equity_SpreadShock,0,0,0,0,0,0,0,1,0,0,0.1,0.30000000000000004,2.9999997000000302
ML_FEAT_CSM_IEF_US_Equity,0,0,0,0,1,0,0,0,0,0,0.1,0.30000000000000004,2.9999997000000302
ML_FEAT_R10_Mid Cap Cycle_EMA_Cross,0,0,0,0,0,0,0,0,0,0,0.0,0.0,0.0
ML_FEAT_R13_New/Old Economy_ZScore_252,0,0,0,0,0,0,0,0,0,0,0.0,0.0,0.0
ML_FEAT_L02_XLP_US_Equity_SpreadShock,0,0,0,0,0,0,0,0,0,0,0.0,0.0,0.0
ML_FEAT_L02_RWM_US_Equity_SpreadShock,0,0,0,0,0,0,0,0,0,0,0.0,0.0,0.0
ML_FEAT_L02_LQD_US_Equity_SpreadShock,0,0,0,0,0,0,0,0,0,0,0.0,0.0,0.0
ML_FEAT_CSM_QQQ_US_Equity,0,0,0,0,0,0,0,0,0,0,0.0,0.0,0.0
ML_FEAT_X06_Market_Breadth,0,0,0,0,0,0,0,0,0,0,0.0,0.0,0.0
