Anno,N Trade,N Settimane Attive,BQ Media,Win Rate
2006,381,23,0.528,59.8
2007,604,33,0.528,57.1
2008,560,38,0.536,60.9
2009,632,43,0.534,59.5
2010,636,38,0.523,57.9
2011,511,38,0.521,55.8
2012,775,43,0.529,56.1
2013,692,41,0.526,57.7
2014,778,47,0.527,56.7
2015,483,29,0.532,58.8
2016,706,41,0.531,56.7
2017,792,47,0.529,57.3
2018,665,38,0.528,56.4
2019,539,31,0.524,57.3
2020,350,23,0.529,59.4
2021,701,41,0.525,55.2
2022,347,21,0.53,50.1
2023,669,39,0.517,51.6
2024,726,44,0.522,51.9
2025,418,26,0.521,51.9
